USE employment_system;
SET NAMES utf8mb4 COLLATE utf8mb4_unicode_ci;

DELETE FROM sys_user_role;
DELETE FROM announcement;
DELETE FROM employment_attachment;
DELETE FROM employment_record;
DELETE FROM job_application;
DELETE FROM job_post;
DELETE FROM resume_skill;
DELETE FROM resume_project;
DELETE FROM resume_education;
DELETE FROM resume;
DELETE FROM enterprise_profile;
DELETE FROM student_profile;
DELETE FROM sys_user;
DELETE FROM sys_role;

INSERT INTO sys_role (id, role_code, role_name, remark, status, create_time, update_time)
VALUES
    (1, 'ADMIN', '系统管理员', '初始化角色', 1, '2026-03-01 09:00:00', '2026-03-01 09:00:00'),
    (2, 'COUNSELOR', '辅导员', '初始化角色', 1, '2026-03-01 09:00:00', '2026-03-01 09:00:00'),
    (3, 'EMPLOYMENT_TEACHER', '就业指导教师', '初始化角色', 1, '2026-03-01 09:00:00', '2026-03-01 09:00:00'),
    (4, 'STUDENT', '学生', '初始化角色', 1, '2026-03-01 09:00:00', '2026-03-01 09:00:00'),
    (5, 'ENTERPRISE', '企业', '初始化角色', 1, '2026-03-01 09:00:00', '2026-03-01 09:00:00');

INSERT INTO sys_user (id, username, password, real_name, phone, email, status, create_time, update_time)
VALUES
    (1001, 'student01', 'Student@123456', '张三', '13800001001', 'student01@demo.cn', 1, '2026-03-01 09:10:00', '2026-03-20 10:20:00'),
    (1002, 'student02', 'Student@123456', '李雨桐', '13800001002', 'student02@demo.cn', 1, '2026-03-01 09:11:00', '2026-03-20 10:21:00'),
    (1003, 'student03', 'Student@123456', '王浩然', '13800001003', 'student03@demo.cn', 1, '2026-03-01 09:12:00', '2026-03-20 10:22:00'),
    (1004, 'student04', 'Student@123456', '陈思睿', '13800001004', 'student04@demo.cn', 1, '2026-03-01 09:13:00', '2026-03-20 10:23:00'),
    (1005, 'student05', 'Student@123456', '赵敏', '13800001005', 'student05@demo.cn', 1, '2026-03-01 09:14:00', '2026-03-20 10:24:00'),
    (1006, 'student06', 'Student@123456', '刘嘉宁', '13800001006', 'student06@demo.cn', 1, '2026-03-01 09:15:00', '2026-03-20 10:25:00'),
    (1007, 'student07', 'Student@123456', '黄子轩', '13800001007', 'student07@demo.cn', 1, '2026-03-01 09:16:00', '2026-03-20 10:26:00'),
    (1008, 'student08', 'Student@123456', '周可欣', '13800001008', 'student08@demo.cn', 1, '2026-03-01 09:17:00', '2026-03-20 10:27:00'),
    (2001, 'enterprise01', 'Enterprise@123456', '星联智造招聘组', '13800002001', 'hr@xinglian-demo.cn', 1, '2026-03-01 09:30:00', '2026-03-22 09:20:00'),
    (2002, 'enterprise02', 'Enterprise@123456', '云程软件人力资源部', '13800002002', 'hr@yuncheng-demo.cn', 1, '2026-03-01 09:31:00', '2026-03-22 09:21:00'),
    (2003, 'enterprise03', 'Enterprise@123456', '百汇生物校园招聘', '13800002003', 'hr@baihui-demo.cn', 1, '2026-03-01 09:32:00', '2026-03-22 09:22:00'),
    (2004, 'enterprise04', 'Enterprise@123456', '城市更新设计院招聘', '13800002004', 'hr@chengshi-demo.cn', 1, '2026-03-01 09:33:00', '2026-03-22 09:23:00'),
    (2005, 'enterprise05', 'Enterprise@123456', '青禾供应链招聘', '13800002005', 'hr@qinghe-demo.cn', 1, '2026-03-01 09:34:00', '2026-03-22 09:24:00'),
    (3001, 'teacher1', 'Teacher@123456', '李四', '13800003001', 'teacher1@demo.cn', 1, '2026-03-01 09:40:00', '2026-03-18 08:30:00'),
    (3002, 'counselor1', 'Counselor@123456', '孙博', '13800003002', 'counselor1@demo.cn', 1, '2026-03-01 09:41:00', '2026-03-18 08:31:00'),
    (9001, 'admin', 'Admin@123456', '系统管理员', '13800009001', 'admin@demo.cn', 1, '2026-03-01 09:50:00', '2026-03-18 08:40:00');

INSERT INTO sys_user_role (id, user_id, role_id, status, create_time, update_time)
VALUES
    (1, 1001, 4, 1, '2026-03-01 10:00:00', '2026-03-01 10:00:00'),
    (2, 1002, 4, 1, '2026-03-01 10:00:00', '2026-03-01 10:00:00'),
    (3, 1003, 4, 1, '2026-03-01 10:00:00', '2026-03-01 10:00:00'),
    (4, 1004, 4, 1, '2026-03-01 10:00:00', '2026-03-01 10:00:00'),
    (5, 1005, 4, 1, '2026-03-01 10:00:00', '2026-03-01 10:00:00'),
    (6, 1006, 4, 1, '2026-03-01 10:00:00', '2026-03-01 10:00:00'),
    (7, 1007, 4, 1, '2026-03-01 10:00:00', '2026-03-01 10:00:00'),
    (8, 1008, 4, 1, '2026-03-01 10:00:00', '2026-03-01 10:00:00'),
    (9, 2001, 5, 1, '2026-03-01 10:00:00', '2026-03-01 10:00:00'),
    (10, 2002, 5, 1, '2026-03-01 10:00:00', '2026-03-01 10:00:00'),
    (11, 2003, 5, 1, '2026-03-01 10:00:00', '2026-03-01 10:00:00'),
    (12, 2004, 5, 1, '2026-03-01 10:00:00', '2026-03-01 10:00:00'),
    (13, 2005, 5, 1, '2026-03-01 10:00:00', '2026-03-01 10:00:00'),
    (14, 3001, 3, 1, '2026-03-01 10:00:00', '2026-03-01 10:00:00'),
    (15, 3002, 2, 1, '2026-03-01 10:00:00', '2026-03-01 10:00:00'),
    (16, 9001, 1, 1, '2026-03-01 10:00:00', '2026-03-01 10:00:00');

INSERT INTO student_profile (id, user_id, student_no, gender, college_name, major_name, class_name,
                             education_level, graduation_year, native_place, employment_status,
                             status, create_time, update_time)
VALUES
    (4001, 1001, '20240001', 1, '计算机学院', '软件工程', '软工2201班', '本科', 2026, '江苏苏州', 1, 1, '2026-03-02 08:00:00', '2026-03-25 12:00:00'),
    (4002, 1002, '20240002', 2, '数据科学学院', '数据科学与大数据技术', '大数据2201班', '本科', 2026, '浙江杭州', 3, 1, '2026-03-02 08:05:00', '2026-03-24 18:00:00'),
    (4003, 1003, '20240003', 1, '人工智能学院', '人工智能', '智科2202班', '本科', 2026, '安徽合肥', 1, 1, '2026-03-02 08:10:00', '2026-03-25 09:30:00'),
    (4004, 1004, '20240004', 1, '信息工程学院', '网络工程', '网工2201班', '本科', 2026, '河南郑州', 0, 1, '2026-03-02 08:15:00', '2026-03-24 16:00:00'),
    (4005, 1005, '20240005', 2, '经济管理学院', '财务管理', '财管2201班', '本科', 2026, '湖北武汉', 2, 1, '2026-03-02 08:20:00', '2026-03-24 16:30:00'),
    (4006, 1006, '20240006', 2, '商学院', '市场营销', '营销2202班', '本科', 2026, '山东青岛', 4, 1, '2026-03-02 08:25:00', '2026-03-23 11:00:00'),
    (4007, 1007, '20240007', 1, '电子商务学院', '电子商务', '电商2201班', '本科', 2026, '江西南昌', 5, 1, '2026-03-02 08:30:00', '2026-03-23 14:20:00'),
    (4008, 1008, '20240008', 2, '机电工程学院', '自动化', '自动化2201班', '本科', 2026, '湖南长沙', 3, 1, '2026-03-02 08:35:00', '2026-03-24 19:30:00');

INSERT INTO enterprise_profile (id, user_id, enterprise_name, credit_code, industry_name, enterprise_scale,
                                contact_name, contact_phone, contact_email, address, introduction, review_status,
                                review_remark, status, create_time, update_time)
VALUES
    (6001, 2001, '星联智造科技有限公司', '91310115MA1KX8A11A', '智能制造 / 工业软件', '500-999人',
     '王宁', '13810002001', 'campus@xinglian.com', '上海市浦东新区张江高科技园区科苑路88号',
     '聚焦工业互联网平台、数字工厂排产系统与智能产线协同软件，连续多年开展校招训练营。', 1,
     '资质齐全，纳入重点合作企业', 1, '2026-03-03 09:00:00', '2026-03-23 09:30:00'),
    (6002, 2002, '云程软件服务有限公司', '91310115MA1KX8A12B', '企业数字化服务', '100-499人',
     '李婧', '13810002002', 'talent@yuncheng.com', '杭州市滨江区江南大道688号',
     '面向政企客户提供低代码平台、自动化测试与运维一体化服务，岗位覆盖研发与实施。', 1,
     '审核通过，可正常发布岗位', 1, '2026-03-03 09:05:00', '2026-03-23 10:00:00'),
    (6003, 2003, '百汇生物医药股份有限公司', '91310115MA1KX8A13C', '生物医药', '1000人以上',
     '陈立', '13810002003', 'campus@baihuibio.com', '苏州市工业园区星湖街218号',
     '拥有体外诊断试剂与生物信息联合研发中心，适合生物、数据、医疗方向学生展示。', 1,
     '审核通过，可参加双选会', 1, '2026-03-03 09:10:00', '2026-03-23 10:30:00'),
    (6004, 2004, '城市更新规划设计院有限公司', '91310115MA1KX8A14D', '建筑设计 / 城市更新', '100-499人',
     '赵晨', '13810002004', 'hr@urbanrenew.com', '南京市建邺区江东中路377号',
     '正在补充校招营业执照与项目资质，暂未开放正式招聘。', 0,
     '待补充近一年社保缴纳证明', 1, '2026-03-03 09:15:00', '2026-03-23 11:00:00'),
    (6005, 2005, '青禾供应链管理有限公司', '91310115MA1KX8A15E', '供应链 / 仓储物流', '50-99人',
     '何青', '13810002005', 'job@qinghe-scm.com', '合肥市高新区创新大道99号',
     '主营区域仓配运营，提交资料与统一信用代码校验存在异常。', 2,
     '营业执照信息与联系人信息不一致，需重新提交', 1, '2026-03-03 09:20:00', '2026-03-23 11:30:00');

INSERT INTO resume (id, student_id, resume_name, job_intention, expected_city, expected_salary,
                    self_evaluation, completion_rate, is_default, status, create_time, update_time)
VALUES
    (4101, 4001, '张三-软件开发岗简历', 'Java后端开发工程师', '上海 / 苏州', '12k-16k',
     '具备扎实 Java 基础与项目落地经验，能快速进入企业研发协作节奏。', 100, 1, 1, '2026-03-05 09:00:00', '2026-03-25 11:50:00'),
    (4102, 4002, '李雨桐-数据分析求职简历', '数据分析师', '杭州 / 上海', '13k-17k',
     '熟悉 Python、SQL 与可视化分析，擅长将业务问题拆解为可验证指标。', 100, 1, 1, '2026-03-05 09:05:00', '2026-03-24 17:50:00'),
    (4103, 4003, '王浩然-AI算法方向简历', '算法工程师', '上海 / 深圳', '15k-20k',
     '关注推荐系统与大模型应用，对模型部署和推理优化有实际项目经验。', 100, 1, 1, '2026-03-05 09:10:00', '2026-03-25 09:20:00'),
    (4104, 4004, '陈思睿-网络工程简历', '网络运维工程师', '郑州 / 武汉', '9k-12k',
     '掌握网络设备配置、故障排查和基础自动化脚本编写。', 83, 1, 1, '2026-03-05 09:15:00', '2026-03-24 15:40:00'),
    (4105, 4005, '赵敏-财务管培生简历', '财务分析 / 财务管培生', '武汉 / 杭州', '8k-11k',
     '具备财务报表分析、成本核算与校级竞赛经验，期待进入规范化培养项目。', 83, 1, 1, '2026-03-05 09:20:00', '2026-03-24 16:20:00'),
    (4106, 4006, '刘嘉宁-升学备选简历', '市场策划专员', '青岛 / 上海', '9k-12k',
     '升学为主，保留市场方向求职备选方案，有品牌策划与新媒体实践经历。', 67, 1, 1, '2026-03-05 09:25:00', '2026-03-23 10:50:00'),
    (4107, 4007, '黄子轩-创业项目简历', '电商运营负责人', '南昌 / 杭州', '面议',
     '正在运营校园生活服务小程序，希望展示创业项目、供应链与用户增长能力。', 83, 1, 1, '2026-03-05 09:30:00', '2026-03-23 14:10:00'),
    (4108, 4008, '周可欣-自动化工程简历', '自动化工程师', '苏州 / 无锡', '11k-14k',
     '熟悉 PLC、工业控制与产线调试，具备实习和比赛双重经历。', 100, 1, 1, '2026-03-05 09:35:00', '2026-03-24 19:20:00');

INSERT INTO resume_education (id, resume_id, school_name, major_name, education_level, start_date, end_date,
                              description, sort_order, status, create_time, update_time)
VALUES
    (4201, 4101, '华东应用技术大学', '软件工程', '本科', '2022-09-01', '2026-06-30', '主修 Java 开发、数据库系统、分布式系统与软件测试。', 1, 1, '2026-03-05 10:00:00', '2026-03-05 10:00:00'),
    (4202, 4102, '华东应用技术大学', '数据科学与大数据技术', '本科', '2022-09-01', '2026-06-30', '系统学习统计学、机器学习、商业分析与数据仓库。', 1, 1, '2026-03-05 10:01:00', '2026-03-05 10:01:00'),
    (4203, 4103, '华东应用技术大学', '人工智能', '本科', '2022-09-01', '2026-06-30', '专注推荐系统、深度学习与模型推理优化。', 1, 1, '2026-03-05 10:02:00', '2026-03-05 10:02:00'),
    (4204, 4104, '华东应用技术大学', '网络工程', '本科', '2022-09-01', '2026-06-30', '学习网络架构、交换路由与信息安全基础。', 1, 1, '2026-03-05 10:03:00', '2026-03-05 10:03:00'),
    (4205, 4105, '华东应用技术大学', '财务管理', '本科', '2022-09-01', '2026-06-30', '课程覆盖会计学、财务管理、税法与审计基础。', 1, 1, '2026-03-05 10:04:00', '2026-03-05 10:04:00'),
    (4206, 4106, '华东应用技术大学', '市场营销', '本科', '2022-09-01', '2026-06-30', '参与品牌传播、消费者行为分析与营销策划课程。', 1, 1, '2026-03-05 10:05:00', '2026-03-05 10:05:00'),
    (4207, 4107, '华东应用技术大学', '电子商务', '本科', '2022-09-01', '2026-06-30', '主修电商运营、供应链协同、用户增长与数据分析。', 1, 1, '2026-03-05 10:06:00', '2026-03-05 10:06:00'),
    (4208, 4108, '华东应用技术大学', '自动化', '本科', '2022-09-01', '2026-06-30', '掌握控制理论、PLC 编程、传感器与工业控制基础。', 1, 1, '2026-03-05 10:07:00', '2026-03-05 10:07:00');

INSERT INTO resume_project (id, resume_id, project_name, role_name, start_date, end_date, description,
                            sort_order, status, create_time, update_time)
VALUES
    (4301, 4101, '校企就业管理平台', '后端开发负责人', '2025-03-01', '2025-12-20', '负责岗位投递、审核流程和统计接口实现，使用 Spring Boot、MyBatis-Plus 与 MySQL。', 1, 1, '2026-03-05 10:30:00', '2026-03-05 10:30:00'),
    (4302, 4101, '制造业排产看板系统', 'Java开发', '2025-10-01', '2026-01-15', '完成订单排产接口、权限控制与异常告警模块。', 2, 1, '2026-03-05 10:31:00', '2026-03-05 10:31:00'),
    (4303, 4102, '毕业去向数据分析平台', '数据分析负责人', '2025-04-01', '2025-11-30', '负责就业率看板、SQL 建模与图表呈现，形成学院月报模板。', 1, 1, '2026-03-05 10:32:00', '2026-03-05 10:32:00'),
    (4304, 4103, '校园岗位推荐系统', '算法工程师', '2025-05-01', '2025-12-10', '构建岗位召回与排序策略，完成模型训练、评估与在线推理脚本。', 1, 1, '2026-03-05 10:33:00', '2026-03-05 10:33:00'),
    (4305, 4104, '实验室网络改造项目', '实施工程师', '2025-07-01', '2025-09-15', '参与核心交换机配置、VLAN 划分与网络连通性测试。', 1, 1, '2026-03-05 10:34:00', '2026-03-05 10:34:00'),
    (4306, 4105, '企业经营沙盘财务分析', '财务分析成员', '2025-09-01', '2025-11-01', '负责预算编制、资金周转测算和经营复盘报告。', 1, 1, '2026-03-05 10:35:00', '2026-03-05 10:35:00'),
    (4307, 4107, '校园到家生活服务平台', '创始人 / 运营负责人', '2024-10-01', '2026-03-01', '从0到1搭建校园团购与即时配送服务，覆盖 5000+ 注册用户。', 1, 1, '2026-03-05 10:36:00', '2026-03-05 10:36:00'),
    (4308, 4108, '智能分拣产线实训项目', '自动化调试工程师', '2025-06-15', '2025-12-20', '负责 PLC 程序调试、故障定位与现场联调，完成产线节拍优化。', 1, 1, '2026-03-05 10:37:00', '2026-03-05 10:37:00');

INSERT INTO resume_skill (id, resume_id, skill_name, skill_level, description,
                          sort_order, status, create_time, update_time)
VALUES
    (4401, 4101, 'Java / Spring Boot', 4, '可独立完成后端接口设计、权限控制与部署联调。', 1, 1, '2026-03-05 11:00:00', '2026-03-05 11:00:00'),
    (4402, 4101, 'MySQL', 3, '熟悉索引优化、统计查询和事务基础。', 2, 1, '2026-03-05 11:00:00', '2026-03-05 11:00:00'),
    (4403, 4101, 'Vue 3', 3, '能配合完成管理端页面与接口联调。', 3, 1, '2026-03-05 11:00:00', '2026-03-05 11:00:00'),
    (4404, 4102, 'Python', 4, '熟练使用 pandas、numpy、matplotlib 完成分析任务。', 1, 1, '2026-03-05 11:01:00', '2026-03-05 11:01:00'),
    (4405, 4102, 'SQL', 4, '可完成多表统计、窗口函数与数据清洗。', 2, 1, '2026-03-05 11:01:00', '2026-03-05 11:01:00'),
    (4406, 4102, 'Power BI', 3, '能快速搭建就业数据可视化看板。', 3, 1, '2026-03-05 11:01:00', '2026-03-05 11:01:00'),
    (4407, 4103, 'PyTorch', 4, '具备模型训练、微调和实验管理经验。', 1, 1, '2026-03-05 11:02:00', '2026-03-05 11:02:00'),
    (4408, 4103, '推荐系统', 3, '熟悉召回、排序和离线评估指标。', 2, 1, '2026-03-05 11:02:00', '2026-03-05 11:02:00'),
    (4409, 4104, '网络设备调试', 3, '可完成交换机、路由器基础配置。', 1, 1, '2026-03-05 11:03:00', '2026-03-05 11:03:00'),
    (4410, 4105, '财务报表分析', 3, '能够进行成本结构拆解与预算复盘。', 1, 1, '2026-03-05 11:04:00', '2026-03-05 11:04:00'),
    (4411, 4106, '内容策划', 2, '具备校园活动海报与社媒内容策划经验。', 1, 1, '2026-03-05 11:05:00', '2026-03-05 11:05:00'),
    (4412, 4107, '电商运营', 4, '掌握活动策划、用户增长和供应链协同。', 1, 1, '2026-03-05 11:06:00', '2026-03-05 11:06:00'),
    (4413, 4108, 'PLC 编程', 4, '熟练进行产线程序调试与故障排查。', 1, 1, '2026-03-05 11:07:00', '2026-03-05 11:07:00'),
    (4414, 4108, '工业控制', 3, '具备传感器调试与现场联调经验。', 2, 1, '2026-03-05 11:07:00', '2026-03-05 11:07:00');

INSERT INTO job_post (id, enterprise_id, job_title, job_category, work_city, education_requirement,
                      salary_min, salary_max, salary_remark, hiring_count, job_description,
                      deadline, post_status, status, create_time, update_time)
VALUES
    (5001, 6001, 'Java后端开发工程师', '技术研发', '上海', '本科', 12000.00, 18000.00, '12k-18k·14薪', 3,
     '参与就业平台与工业 SaaS 产品后端研发，负责业务接口、权限体系和统计报表实现。', '2026-06-30', 1, 1, '2026-03-08 09:00:00', '2026-03-25 09:00:00'),
    (5002, 6001, '前端开发工程师', '技术研发', '上海', '本科', 11000.00, 16000.00, '11k-16k·14薪', 2,
     '负责管理端和企业端前端页面建设，要求熟悉 Vue 3、组件化与接口联调。', '2026-06-25', 1, 1, '2026-03-08 09:10:00', '2026-03-25 09:10:00'),
    (5003, 6001, '数据分析师', '数据分析', '上海', '本科', 10000.00, 15000.00, '10k-15k', 2,
     '围绕招聘漏斗、转化率和就业统计提供分析支持，输出周报和可视化看板。', '2026-06-20', 1, 1, '2026-03-08 09:20:00', '2026-03-25 09:20:00'),
    (5004, 6001, '产品运营培训生', '运营', '上海', '本科', 8000.00, 10000.00, '8k-10k', 2,
     '储备岗位，暂未正式对外发布，用于企业端展示草稿状态。', '2026-05-31', 0, 1, '2026-03-08 09:30:00', '2026-03-24 10:00:00'),
    (5005, 6002, '测试开发工程师', '技术研发', '杭州', '本科', 10000.00, 14000.00, '10k-14k', 2,
     '负责自动化测试脚本、接口回归和质量数据看板建设。', '2026-04-30', 2, 1, '2026-03-09 10:00:00', '2026-03-24 11:00:00'),
    (5006, 6002, '运维工程师', '运维', '杭州', '本科', 9000.00, 13000.00, '9k-13k', 2,
     '岗位已完成阶段招聘，保留用于展示已结束状态。', '2026-03-15', 3, 1, '2026-03-09 10:10:00', '2026-03-24 11:10:00'),
    (5007, 6002, '实施顾问', '实施交付', '南京', '本科', 8500.00, 12000.00, '8.5k-12k', 4,
     '参与企业数字化项目交付、需求访谈与上线培训，适合沟通能力较强的应届生。', '2026-07-10', 1, 1, '2026-03-09 10:20:00', '2026-03-24 11:20:00'),
    (5008, 6003, '生物信息助理研究员', '研发', '苏州', '硕士优先', 12000.00, 17000.00, '12k-17k', 2,
     '协助基因检测数据处理、基础分析和生信流程维护。', '2026-07-15', 1, 1, '2026-03-10 11:00:00', '2026-03-24 12:00:00'),
    (5009, 6003, '医疗器械销售培训生', '销售', '苏州', '本科', 8000.00, 11000.00, '8k-11k+提成', 5,
     '面向华东区域医院客户开展产品培训与市场拓展，适合医学或营销复合背景。', '2026-06-18', 1, 1, '2026-03-10 11:10:00', '2026-03-24 12:10:00'),
    (5010, 6004, '规划助理设计师', '设计', '南京', '本科', 9000.00, 12000.00, '9k-12k', 2,
     '企业尚在审核中，先保留内部草稿岗位。', '2026-06-01', 0, 1, '2026-03-10 11:20:00', '2026-03-24 12:20:00');

INSERT INTO job_application (id, job_post_id, student_id, resume_id, application_status, apply_time,
                             processed_time, remark, status, create_time, update_time)
VALUES
    (8001, 5001, 4001, 4101, 2, '2026-03-12 09:00:00', '2026-03-13 14:00:00', '希望参与核心后端模块开发。', 1, '2026-03-12 09:00:00', '2026-03-13 14:00:00'),
    (8002, 5002, 4001, 4101, 1, '2026-03-12 09:20:00', '2026-03-13 15:00:00', '可接受前后端协同岗位。', 1, '2026-03-12 09:20:00', '2026-03-13 15:00:00'),
    (8003, 5003, 4001, 4101, 0, '2026-03-12 09:40:00', NULL, '关注数据指标产品化场景。', 1, '2026-03-12 09:40:00', '2026-03-12 09:40:00'),
    (8004, 5001, 4002, 4102, 3, '2026-03-11 10:00:00', '2026-03-15 18:00:00', '已完成终面，进入录用流程。', 1, '2026-03-11 10:00:00', '2026-03-15 18:00:00'),
    (8005, 5003, 4002, 4102, 1, '2026-03-11 10:30:00', '2026-03-12 16:30:00', '作为备选岗位保留。', 1, '2026-03-11 10:30:00', '2026-03-12 16:30:00'),
    (8006, 5001, 4003, 4103, 0, '2026-03-13 11:00:00', NULL, '希望从推荐算法切入业务。', 1, '2026-03-13 11:00:00', '2026-03-13 11:00:00'),
    (8007, 5002, 4003, 4103, 2, '2026-03-13 11:20:00', '2026-03-14 17:30:00', '愿意承担前端工程化与 AI 产品探索。', 1, '2026-03-13 11:20:00', '2026-03-14 17:30:00'),
    (8008, 5006, 4003, 4103, 4, '2026-03-09 09:00:00', '2026-03-10 18:20:00', '岗位已结束，作为历史投递保留。', 1, '2026-03-09 09:00:00', '2026-03-10 18:20:00'),
    (8009, 5009, 4003, 4103, 5, '2026-03-14 15:00:00', '2026-03-15 09:30:00', '学生因岗位方向不匹配主动取消。', 1, '2026-03-14 15:00:00', '2026-03-15 09:30:00'),
    (8010, 5001, 4004, 4104, 4, '2026-03-10 14:00:00', '2026-03-12 10:00:00', '基础能力待加强，建议补充项目经历。', 1, '2026-03-10 14:00:00', '2026-03-12 10:00:00'),
    (8011, 5008, 4004, 4104, 0, '2026-03-16 09:30:00', NULL, '希望转向医工交叉领域。', 1, '2026-03-16 09:30:00', '2026-03-16 09:30:00'),
    (8012, 5003, 4005, 4105, 3, '2026-03-11 15:00:00', '2026-03-16 19:00:00', '已进入录用沟通阶段。', 1, '2026-03-11 15:00:00', '2026-03-16 19:00:00'),
    (8013, 5009, 4005, 4105, 1, '2026-03-17 09:00:00', '2026-03-18 13:00:00', '作为市场方向备选。', 1, '2026-03-17 09:00:00', '2026-03-18 13:00:00'),
    (8014, 5007, 4006, 4106, 0, '2026-03-18 10:00:00', NULL, '升学未定前，保留实施岗位机会。', 1, '2026-03-18 10:00:00', '2026-03-18 10:00:00'),
    (8015, 5005, 4007, 4107, 1, '2026-03-10 16:00:00', '2026-03-11 17:00:00', '希望了解供应链系统测试流程。', 1, '2026-03-10 16:00:00', '2026-03-11 17:00:00'),
    (8016, 5008, 4008, 4108, 3, '2026-03-12 13:00:00', '2026-03-18 18:30:00', '已收到录用通知并确认入职。', 1, '2026-03-12 13:00:00', '2026-03-18 18:30:00'),
    (8017, 5002, 4008, 4108, 0, '2026-03-19 10:20:00', NULL, '希望补充前端可视化能力，拓宽岗位选择。', 1, '2026-03-19 10:20:00', '2026-03-19 10:20:00'),
    (8018, 5007, 4002, 4102, 2, '2026-03-08 09:30:00', '2026-03-09 12:00:00', '历史投递，便于展示多岗位选择。', 1, '2026-03-08 09:30:00', '2026-03-09 12:00:00');

INSERT INTO employment_record (id, student_id, job_post_id, enterprise_id, employment_status, employment_type,
                               company_name, job_title, work_city, contract_start_date, salary_amount,
                               report_source, review_status, review_remark, reviewer_user_id, reviewed_time,
                               status, create_time, update_time)
VALUES
    (7001, 4001, 5001, 6001, 2, '签约就业', '星联智造科技有限公司', 'Java后端开发工程师', '上海', '2026-07-15', 15000.00,
     '学生自主填报', 0, NULL, NULL, NULL, 1, '2026-03-25 10:00:00', '2026-03-25 10:00:00'),
    (7002, 4002, 5007, 6002, 3, '签约就业', '云程软件服务有限公司', '实施顾问', '南京', '2026-07-01', 12500.00,
     '企业录用回填', 1, '材料完整，审核通过', 3001, '2026-03-22 16:20:00', 1, '2026-03-21 10:00:00', '2026-03-22 16:20:00'),
    (7003, 4004, NULL, NULL, 3, '灵活就业', '中原智联网络工作室', '网络实施工程师', '郑州', '2026-06-20', 8500.00,
     '学生自主填报', 2, '缺少劳动合同或社保缴纳证明，请补充后重新提交', 3002, '2026-03-23 11:10:00', 1, '2026-03-22 09:00:00', '2026-03-23 11:10:00'),
    (7004, 4005, 5003, 6001, 2, '签约就业', '星联智造科技有限公司', '数据分析师', '上海', '2026-08-01', 11800.00,
     '双选会签约', 1, '已签约待入职，信息无误', 3001, '2026-03-24 14:10:00', 1, '2026-03-23 16:00:00', '2026-03-24 14:10:00'),
    (7005, 4007, NULL, NULL, 5, '自主创业', '青云校园电商工作室', '创始人', '南昌', '2026-03-01', 20000.00,
     '学生自主填报', 1, '已核验创业项目与经营材料', 3002, '2026-03-24 18:20:00', 1, '2026-03-23 18:00:00', '2026-03-24 18:20:00'),
    (7006, 4008, 5008, 6003, 3, '签约就业', '百汇生物医药股份有限公司', '生物信息助理研究员', '苏州', '2026-07-20', 14500.00,
     '企业录用回填', 1, '岗位与合同信息一致，审核通过', 3001, '2026-03-25 17:00:00', 1, '2026-03-24 09:00:00', '2026-03-25 17:00:00');

INSERT INTO employment_attachment (id, employment_record_id, file_name, file_url, file_type, remark,
                                   status, create_time, update_time)
VALUES
    (7101, 7001, '张三-三方协议扫描件.pdf', '/demo/contracts/student01-tripartite.pdf', 'PDF', '待审核材料，便于学生端展示附件列表', 1, '2026-03-25 10:10:00', '2026-03-25 10:10:00'),
    (7102, 7001, '张三-录用通知书.pdf', '/demo/contracts/student01-offer.pdf', 'PDF', '企业录用通知附件元数据', 1, '2026-03-25 10:11:00', '2026-03-25 10:11:00'),
    (7103, 7002, '李雨桐-劳动合同.pdf', '/demo/contracts/student02-contract.pdf', 'PDF', '审核通过留档', 1, '2026-03-22 16:25:00', '2026-03-22 16:25:00'),
    (7104, 7005, '黄子轩-营业执照照片.jpg', '/demo/contracts/student07-license.jpg', 'JPG', '创业证明材料', 1, '2026-03-24 18:30:00', '2026-03-24 18:30:00'),
    (7105, 7006, '周可欣-录用函.pdf', '/demo/contracts/student08-offer.pdf', 'PDF', '企业回填附件', 1, '2026-03-25 17:10:00', '2026-03-25 17:10:00');

INSERT INTO announcement (id, title, content, type, publish_time, status, create_time, update_time)
VALUES
    (9501, '2026届毕业生春季双选会参会须知', '学校将于4月12日在综合体育馆举办春季双选会，请学生提前完善简历、准备求职材料并按时签到入场。', '双选会通知', '2026-03-20 09:00:00', 1, '2026-03-19 16:00:00', '2026-03-20 09:00:00'),
    (9502, '关于开展就业协议书集中审核的通知', '各学院请于4月上旬完成就业协议书第一轮审核，学生端可在就业登记页面查看审核状态与备注。', '就业通知', '2026-03-21 10:00:00', 1, '2026-03-20 10:30:00', '2026-03-21 10:00:00'),
    (9503, '基层就业政策宣讲会报名开启', '就业指导中心将联合校友企业开展基层就业与选调政策宣讲，欢迎有意向同学报名参加。', '政策公告', '2026-03-22 14:00:00', 1, '2026-03-21 11:00:00', '2026-03-22 14:00:00'),
    (9504, '智能制造专场招聘周岗位更新', '星联智造、云程软件等企业已新增制造数字化、实施交付、测试开发等岗位，欢迎相关专业学生关注。', '招聘动态', '2026-03-23 09:30:00', 1, '2026-03-22 15:00:00', '2026-03-23 09:30:00'),
    (9505, '就业数据填报口径说明（2026版）', '本公告用于说明已就业、已签约待入职、升学、自主创业等状态的填报口径，供学院审核时统一参考。', '政策公告', '2026-03-24 08:40:00', 1, '2026-03-23 18:00:00', '2026-03-24 08:40:00'),
    (9506, '企业入校宣讲预约流程调整', '自4月起，企业入校宣讲需先完成企业资质审核，再提交场地预约申请。', '就业通知', '2026-03-25 13:30:00', 1, '2026-03-24 17:00:00', '2026-03-25 13:30:00'),
    (9507, '往届优秀求职案例分享会', '邀请已就业校友分享简历优化、投递节奏和面试复盘方法，目前处于下线待排期状态。', '讲座活动', NULL, 0, '2026-03-24 19:00:00', '2026-03-24 19:00:00'),
    (9508, '2026届毕业去向周报模板更新', '学院管理员可参考最新周报模板整理就业进度统计，本条暂存为下线状态用于管理端展示。', '管理公告', NULL, 0, '2026-03-25 09:00:00', '2026-03-25 09:00:00');
